,date,unidad
4477,2022-05-02 00:00:00,1
4478,2022-05-02 15:00:00,24
4479,2022-05-02 17:00:00,8
4480,2022-05-02 20:00:00,6
4481,2022-05-02 22:00:00,44
4482,2022-05-02 23:00:00,23
4483,2022-05-02 23:04:15,98
4484,2022-05-03 00:00:00,1
4485,2022-05-03 11:36:46,37
4486,2022-05-03 14:00:00,3
4487,2022-05-03 16:00:00,5
4488,2022-05-03 17:00:00,20
4489,2022-05-03 20:00:00,325
4490,2022-05-03 22:00:00,84
4491,2022-05-03 23:00:00,49
4492,2022-05-04 00:00:00,5
4493,2022-05-04 09:33:14,45
4494,2022-05-04 15:00:00,11
4495,2022-05-04 17:00:00,8
4496,2022-05-04 20:00:00,312
4497,2022-05-04 22:00:00,76
4498,2022-05-04 23:00:00,61
4499,2022-05-05 00:26:22,43
4500,2022-05-05 15:00:00,5
4501,2022-05-05 17:00:00,20
4502,2022-05-05 20:00:00,291
4503,2022-05-05 22:00:00,13
4504,2022-05-05 23:00:00,10
4505,2022-05-05 23:55:34,36
4506,2022-05-06 00:00:00,1
4507,2022-05-06 17:00:00,20
4508,2022-05-06 20:00:00,14
4509,2022-05-06 22:00:00,9
4510,2022-05-06 23:00:00,51
4511,2022-05-08 15:00:00,11
4512,2022-05-08 22:33:39,68
4513,2022-05-09 17:00:00,72
4514,2022-05-09 20:00:00,289
4515,2022-05-09 22:00:00,10
4516,2022-05-09 23:00:00,98
4517,2022-05-10 00:00:00,1
4518,2022-05-10 00:40:11,35
4519,2022-05-10 15:00:00,22
4520,2022-05-10 16:00:00,1
4521,2022-05-10 17:00:00,19
4522,2022-05-10 18:00:00,1
4523,2022-05-10 19:02:43,3
4524,2022-05-10 20:00:00,356
4525,2022-05-10 22:00:00,44
4526,2022-05-10 23:00:00,74
4527,2022-05-11 00:00:00,1
4528,2022-05-11 09:49:01,46
4529,2022-05-11 15:00:00,13
4530,2022-05-11 17:00:00,34
4531,2022-05-11 19:18:44,1
4532,2022-05-11 20:00:00,286
4533,2022-05-11 22:00:00,46
4534,2022-05-11 23:00:00,70
4535,2022-05-12 00:00:00,82
4536,2022-05-12 10:01:44,36
4537,2022-05-12 15:00:00,18
4538,2022-05-12 17:00:00,19
4539,2022-05-12 18:00:00,4
4540,2022-05-12 20:00:00,384
4541,2022-05-12 22:00:00,16
4542,2022-05-12 23:00:00,15
4543,2022-05-13 08:45:56,16
4544,2022-05-13 13:06:55,2
4545,2022-05-13 17:00:00,27
4546,2022-05-13 18:00:00,1
4547,2022-05-13 20:00:00,17
4548,2022-05-13 22:00:00,24
4549,2022-05-13 23:00:00,41
4550,2022-05-14 16:22:35,1
4551,2022-05-15 15:00:00,21
4552,2022-05-16 09:59:15,57
4553,2022-05-16 10:00:00,1
4554,2022-05-16 15:26:56,37
4555,2022-05-16 17:00:00,34
4556,2022-05-16 20:00:00,4
4557,2022-05-16 22:00:00,21
4558,2022-05-16 23:00:00,69
4559,2022-05-17 00:00:00,1
4560,2022-05-17 09:24:08,26
4561,2022-05-17 15:00:00,13
4562,2022-05-17 17:00:00,16
4563,2022-05-17 20:00:00,328
4564,2022-05-17 22:00:00,51
4565,2022-05-17 23:00:00,32
4566,2022-05-18 09:00:00,1
4567,2022-05-18 11:14:20,30
4568,2022-05-18 12:01:53,3
4569,2022-05-18 15:00:00,9
4570,2022-05-18 17:00:00,16
4571,2022-05-18 20:00:00,8
4572,2022-05-18 22:00:00,30
4573,2022-05-18 23:00:00,38
4574,2022-05-19 10:02:29,20
4575,2022-05-19 15:00:00,14
4576,2022-05-19 17:00:00,13
4577,2022-05-19 20:00:00,15
4578,2022-05-19 22:00:00,15
4579,2022-05-19 23:00:00,4
4580,2022-05-20 00:00:00,240
4581,2022-05-20 11:26:50,20
4582,2022-05-20 14:51:56,1
4583,2022-05-20 17:00:00,7
4584,2022-05-20 20:00:00,19
4585,2022-05-20 22:00:00,30
4586,2022-05-20 23:00:00,57
4587,2022-05-21 20:00:00,3
4588,2022-05-22 15:00:00,25
4589,2022-05-23 11:05:45,62
4590,2022-05-23 17:00:00,12
4591,2022-05-23 20:00:00,7
4592,2022-05-23 22:00:00,23
4593,2022-05-23 23:00:00,15
4594,2022-05-24 11:36:09,18
4595,2022-05-24 15:00:00,1
4596,2022-05-24 15:45:39,4
4597,2022-05-24 17:00:00,18
4598,2022-05-24 20:00:00,11
4599,2022-05-24 22:00:00,36
4600,2022-05-24 23:00:00,49
4601,2022-05-25 13:06:49,18
4602,2022-05-25 15:17:16,3
4603,2022-05-25 17:00:00,11
4604,2022-05-25 18:00:00,1
4605,2022-05-25 20:00:00,134
4606,2022-05-25 22:00:00,32
4607,2022-05-25 23:00:00,39
4608,2022-05-26 09:50:47,51
4609,2022-05-26 15:00:00,17
4610,2022-05-26 17:51:47,1
4611,2022-05-26 20:00:00,195
4612,2022-05-26 23:00:00,23
4613,2022-05-27 10:30:34,19
4614,2022-05-27 17:00:00,11
4615,2022-05-27 20:00:00,141
4616,2022-05-27 22:00:00,35
4617,2022-05-27 23:00:00,45
4618,2022-05-29 15:00:00,6
4619,2022-05-30 10:15:08,47
4620,2022-05-30 15:00:00,2
4621,2022-05-30 15:01:52,21
4622,2022-05-30 17:00:00,14
4623,2022-05-30 20:00:00,5
4624,2022-05-30 22:00:00,33
4625,2022-05-30 23:00:00,53
4626,2022-05-31 10:44:25,24
4627,2022-05-31 15:00:00,8
4628,2022-05-31 17:00:00,20
4629,2022-05-31 20:00:00,461
4630,2022-05-31 22:00:00,18
4631,2022-05-31 23:00:00,13
4632,2022-06-01 11:40:34,25
4633,2022-06-01 15:00:00,8
4634,2022-06-01 17:00:00,23
4635,2022-06-01 17:26:52,10
4636,2022-06-01 20:00:00,863
4637,2022-06-01 22:00:00,52
4638,2022-06-01 23:00:00,72
4639,2022-06-02 00:00:00,13
4640,2022-06-02 09:43:40,22
4641,2022-06-02 15:00:00,12
4642,2022-06-02 20:00:00,126
4643,2022-06-02 22:00:00,29
4644,2022-06-03 11:47:00,2
4645,2022-06-03 17:00:00,13
4646,2022-06-03 20:00:00,5
4647,2022-06-03 22:00:00,11
4648,2022-06-03 23:00:00,17
4649,2022-06-06 15:00:00,2
4650,2022-06-06 20:00:00,1381
4651,2022-06-06 23:00:00,51
4652,2022-06-07 10:00:23,99
4653,2022-06-07 15:00:00,27
4654,2022-06-07 17:00:00,25
4655,2022-06-07 20:00:00,1540
4656,2022-06-07 22:00:00,13
4657,2022-06-07 23:00:00,51
4658,2022-06-08 11:03:06,28
4659,2022-06-08 14:31:50,15
4660,2022-06-08 15:00:00,28
4661,2022-06-08 17:00:00,4
4662,2022-06-08 19:48:12,1
4663,2022-06-08 20:00:00,12
4664,2022-06-08 22:00:00,36
4665,2022-06-08 23:00:00,33
4666,2022-06-09 00:20:00,1
4667,2022-06-09 11:18:31,33
4668,2022-06-09 12:07:24,1
4669,2022-06-09 15:00:00,8
4670,2022-06-09 17:00:00,32
4671,2022-06-09 20:00:00,4
4672,2022-06-09 22:00:00,32
4673,2022-06-09 23:00:00,19
4674,2022-06-10 11:05:24,18
4675,2022-06-10 14:14:00,1
4676,2022-06-10 17:00:00,25
4677,2022-06-10 20:00:00,6
4678,2022-06-10 22:00:00,9
4679,2022-06-10 23:00:00,48
4680,2022-06-11 09:55:00,1
4681,2022-06-12 15:00:00,17
4682,2022-06-13 09:00:00,5
4683,2022-06-13 13:18:41,64
4684,2022-06-13 17:00:00,39
4685,2022-06-13 20:00:00,11
4686,2022-06-13 22:00:00,15
4687,2022-06-13 23:00:00,12
4688,2022-06-14 12:59:39,29
4689,2022-06-14 13:01:05,44
4690,2022-06-14 15:00:00,2
4691,2022-06-14 17:00:00,10
4692,2022-06-14 20:00:00,549
4693,2022-06-14 22:00:00,35
4694,2022-06-14 23:00:00,50
4695,2022-06-15 00:00:00,54
4696,2022-06-15 13:15:16,20
4697,2022-06-15 17:00:00,15
4698,2022-06-15 20:00:00,8
4699,2022-06-15 23:00:00,41
4700,2022-06-16 15:00:00,18
4701,2022-06-16 17:07:04,3
4702,2022-06-16 20:00:00,3
4703,2022-06-16 22:00:00,2
4704,2022-06-16 23:00:00,45
4705,2022-06-17 15:04:10,32
4706,2022-06-17 17:00:00,17
4707,2022-06-17 20:00:00,1
4708,2022-06-17 22:00:00,13
4709,2022-06-17 23:00:00,32
4710,2022-06-19 15:00:00,4
4711,2022-06-20 10:00:00,1
4712,2022-06-20 13:45:09,35
4713,2022-06-20 17:00:00,22
4714,2022-06-20 20:00:00,4
4715,2022-06-20 22:00:00,34
4716,2022-06-20 23:00:00,71
4717,2022-06-21 12:45:52,13
4718,2022-06-21 15:00:00,4
4719,2022-06-21 17:00:00,14
4720,2022-06-21 20:00:00,6
4721,2022-06-21 22:00:00,58
4722,2022-06-21 23:00:00,35
4723,2022-06-22 15:00:00,11
4724,2022-06-22 15:05:25,20
4725,2022-06-22 15:24:25,1
4726,2022-06-22 16:00:00,24
4727,2022-06-22 16:56:52,2
4728,2022-06-22 17:00:00,14
4729,2022-06-22 17:46:56,3
4730,2022-06-22 18:52:52,2
4731,2022-06-22 20:00:00,2
4732,2022-06-22 23:00:00,73
4733,2022-06-23 09:00:00,1
4734,2022-06-23 11:45:00,1
4735,2022-06-23 14:09:16,21
4736,2022-06-23 15:00:00,4
4737,2022-06-23 16:00:00,71
4738,2022-06-23 17:00:00,22
4739,2022-06-23 20:00:00,6
4740,2022-06-23 22:00:00,7
4741,2022-06-23 23:00:00,103
4742,2022-06-24 10:36:57,2
4743,2022-06-24 14:42:02,17
4744,2022-06-24 14:42:06,8
4745,2022-06-24 15:16:53,19
4746,2022-06-24 17:00:00,10
4747,2022-06-24 20:00:00,6
4748,2022-06-24 22:00:00,33
4749,2022-06-24 23:00:00,55
4750,2022-06-26 15:00:00,11
4751,2022-06-27 00:00:00,1
4752,2022-06-27 13:08:59,35
4753,2022-06-27 15:57:02,1
4754,2022-06-27 16:00:00,66
4755,2022-06-27 17:00:00,9
4756,2022-06-27 20:00:00,13
4757,2022-06-27 22:00:00,66
4758,2022-06-27 23:00:00,77
4759,2022-06-28 10:49:28,1
4760,2022-06-28 13:31:05,16
4761,2022-06-28 15:00:00,3
4762,2022-06-28 17:00:00,17
4763,2022-06-28 20:00:00,2
4764,2022-06-28 22:00:00,81
4765,2022-06-28 23:00:00,46
4766,2022-06-29 10:28:58,14
4767,2022-06-29 10:37:10,1
4768,2022-06-29 10:37:13,1
4769,2022-06-29 15:00:00,4
4770,2022-06-29 16:00:00,58
4771,2022-06-29 17:00:00,19
4772,2022-06-29 20:00:00,3
4773,2022-06-29 22:00:00,13
4774,2022-06-29 23:00:00,83
4775,2022-06-30 14:20:50,41
4776,2022-06-30 15:00:00,2
4777,2022-06-30 16:00:00,78
4778,2022-06-30 17:00:00,11
4779,2022-06-30 20:00:00,6
4780,2022-06-30 22:00:00,29
4781,2022-06-30 23:00:00,95
4782,2022-07-01 12:41:35,14
4783,2022-07-01 17:00:00,15
4784,2022-07-01 19:08:22,1
4785,2022-07-01 20:00:00,13
4786,2022-07-01 22:00:00,13
4787,2022-07-01 23:00:00,58
4788,2022-07-03 15:00:00,22
4789,2022-07-04 12:41:53,24
4790,2022-07-04 13:35:35,49
4791,2022-07-04 16:00:00,62
4792,2022-07-04 17:00:00,13
4793,2022-07-04 20:00:00,3
4794,2022-07-04 22:00:00,41
4795,2022-07-04 23:00:00,82
4796,2022-07-05 15:00:00,9
4797,2022-07-05 15:43:40,3
4798,2022-07-05 16:00:00,78
4799,2022-07-05 17:00:00,9
4800,2022-07-05 19:31:25,1
4801,2022-07-05 20:00:00,2
4802,2022-07-05 22:00:00,52
4803,2022-07-05 23:00:00,103
4804,2022-07-06 10:06:52,1
4805,2022-07-06 14:54:32,31
4806,2022-07-06 15:00:00,7
4807,2022-07-06 17:00:00,17
4808,2022-07-06 20:00:00,4
4809,2022-07-06 22:00:00,19
4810,2022-07-06 23:00:00,51
4811,2022-07-07 10:00:18,14
4812,2022-07-07 15:00:00,11
4813,2022-07-07 16:00:00,80
4814,2022-07-07 16:01:16,1
4815,2022-07-07 17:00:00,6
4816,2022-07-07 18:33:01,1
4817,2022-07-07 20:00:00,3
4818,2022-07-07 22:00:00,20
4819,2022-07-07 23:00:00,107
4820,2022-07-08 14:56:57,13
4821,2022-07-08 15:17:14,16
4822,2022-07-08 17:00:00,8
4823,2022-07-08 18:00:00,1
4824,2022-07-08 20:00:00,4
4825,2022-07-08 22:00:00,16
4826,2022-07-08 23:00:00,34
4827,2022-07-10 15:00:00,21
4828,2022-07-11 11:50:00,1
4829,2022-07-11 14:07:00,1
4830,2022-07-11 14:42:36,57
4831,2022-07-11 16:00:00,72
4832,2022-07-11 17:00:00,14
4833,2022-07-11 20:00:00,5
4834,2022-07-11 22:00:00,9
4835,2022-07-11 23:00:00,348
4836,2022-07-12 00:00:00,4
4837,2022-07-12 13:38:08,6
4838,2022-07-12 14:00:00,4
4839,2022-07-12 15:00:00,5
4840,2022-07-12 16:00:00,58
4841,2022-07-12 17:00:00,20
4842,2022-07-12 19:38:14,1
4843,2022-07-12 20:00:00,1
4844,2022-07-12 22:00:00,52
4845,2022-07-12 23:00:00,313
4846,2022-07-13 13:17:27,21
4847,2022-07-13 13:32:32,3
4848,2022-07-13 15:00:00,24
4849,2022-07-13 17:00:00,20
4850,2022-07-13 20:00:00,34
4851,2022-07-13 22:00:00,18
4852,2022-07-13 23:00:00,174
4853,2022-07-14 11:00:00,1
4854,2022-07-14 15:15:08,25
4855,2022-07-14 16:00:00,91
4856,2022-07-14 17:00:00,19
4857,2022-07-14 20:00:00,5
4858,2022-07-14 22:00:00,27
4859,2022-07-14 23:00:00,137
4860,2022-07-15 00:00:00,108
4861,2022-07-15 14:58:19,22
4862,2022-07-15 15:16:53,2
4863,2022-07-15 15:27:09,1
4864,2022-07-15 15:32:02,1
4865,2022-07-15 16:00:00,14
4866,2022-07-15 17:00:00,17
4867,2022-07-15 20:00:00,1
4868,2022-07-15 23:00:00,69
4869,2022-07-17 15:00:00,26
4870,2022-07-18 14:56:35,42
4871,2022-07-18 16:00:00,84
4872,2022-07-18 17:00:00,14
4873,2022-07-18 18:00:00,1
4874,2022-07-18 20:00:00,1
4875,2022-07-18 22:00:00,15
4876,2022-07-18 23:00:00,101
4877,2022-07-19 00:00:00,6
4878,2022-07-19 13:39:06,14
4879,2022-07-19 15:00:00,5
4880,2022-07-19 17:00:00,10
4881,2022-07-19 18:09:16,1
4882,2022-07-19 20:00:00,2
4883,2022-07-19 22:00:00,35
4884,2022-07-19 23:00:00,51
4885,2022-07-20 14:16:50,1
4886,2022-07-20 14:41:35,18
4887,2022-07-20 15:00:00,11
4888,2022-07-20 16:00:00,74
4889,2022-07-20 17:00:00,12
4890,2022-07-20 18:00:00,1
4891,2022-07-20 20:00:00,2
4892,2022-07-20 22:00:00,24
4893,2022-07-20 23:00:00,55
4894,2022-07-21 00:00:00,3
4895,2022-07-21 15:00:00,6
4896,2022-07-21 15:02:21,8
4897,2022-07-21 16:00:00,48
4898,2022-07-21 17:00:00,18
4899,2022-07-21 20:00:00,1
4900,2022-07-21 20:01:00,1
4901,2022-07-21 22:00:00,4
4902,2022-07-21 23:00:00,118
4903,2022-07-22 14:51:56,14
4904,2022-07-22 17:00:00,20
4905,2022-07-22 22:00:00,17
4906,2022-07-22 23:00:00,80
4907,2022-07-24 15:00:00,1
4908,2022-07-25 11:32:01,2
4909,2022-07-25 14:55:15,1
4910,2022-07-25 15:20:11,30
4911,2022-07-25 17:00:00,20
4912,2022-07-25 18:00:00,3
4913,2022-07-25 20:00:00,6
4914,2022-07-25 22:00:00,4
4915,2022-07-25 23:00:00,35
4916,2022-07-26 00:00:00,2
4917,2022-07-26 15:00:00,2
4918,2022-07-26 15:27:46,20
4919,2022-07-26 16:00:00,58
4920,2022-07-26 17:00:00,12
4921,2022-07-26 20:00:00,3
4922,2022-07-26 22:00:00,16
4923,2022-07-26 23:00:00,156
4924,2022-07-27 14:00:00,1
4925,2022-07-27 15:06:47,18
4926,2022-07-27 17:00:00,15
4927,2022-07-27 22:00:00,32
4928,2022-07-27 23:00:00,71
4929,2022-07-28 15:08:05,18
4930,2022-07-28 17:00:00,17
4931,2022-07-28 20:00:00,11
4932,2022-07-28 22:00:00,3
4933,2022-07-28 23:00:00,40
4934,2022-07-29 00:00:00,1
4935,2022-07-29 11:22:05,1
4936,2022-07-29 13:55:24,15
4937,2022-07-29 16:00:00,22
4938,2022-07-29 17:00:00,9
4939,2022-07-29 20:00:00,15
4940,2022-07-29 22:00:00,7
4941,2022-07-29 23:00:00,96
4942,2022-07-31 15:00:00,1
4943,2022-08-01 00:00:00,6
4944,2022-08-01 13:42:06,2
4945,2022-08-01 14:41:52,41
4946,2022-08-01 17:00:00,16
4947,2022-08-01 20:00:00,1
4948,2022-08-01 22:00:00,5
4949,2022-08-01 23:00:00,21
4950,2022-08-02 09:00:00,1
4951,2022-08-02 14:21:10,18
4952,2022-08-02 15:00:00,1
4953,2022-08-02 16:00:00,59
4954,2022-08-02 17:00:00,13
4955,2022-08-02 20:00:00,17
4956,2022-08-02 22:00:00,10
4957,2022-08-02 23:00:00,141
4958,2022-08-03 14:29:53,23
4959,2022-08-03 15:00:00,1
4960,2022-08-03 15:02:13,1
4961,2022-08-03 17:00:00,15
4962,2022-08-03 20:00:00,7
4963,2022-08-03 22:00:00,36
4964,2022-08-03 23:00:00,74
4965,2022-08-04 15:00:00,1
4966,2022-08-04 15:43:53,23
4967,2022-08-04 16:00:00,30
4968,2022-08-04 17:00:00,32
4969,2022-08-04 20:00:00,1
4970,2022-08-04 22:00:00,3
4971,2022-08-04 23:00:00,86
4972,2022-08-05 14:56:41,18
4973,2022-08-05 15:00:00,3
4974,2022-08-05 17:00:00,22
4975,2022-08-05 20:00:00,2
4976,2022-08-05 22:00:00,9
4977,2022-08-05 23:00:00,69
4978,2022-08-07 15:00:00,1
4979,2022-08-08 13:27:03,2
4980,2022-08-08 14:57:13,44
4981,2022-08-08 17:00:00,11
4982,2022-08-08 22:00:00,18
4983,2022-08-08 23:00:00,136
4984,2022-08-09 14:54:32,19
4985,2022-08-09 15:00:00,3
4986,2022-08-09 16:00:00,58
4987,2022-08-09 17:00:00,14
4988,2022-08-09 20:00:00,17
4989,2022-08-09 22:00:00,80
4990,2022-08-09 23:00:00,153
4991,2022-08-10 00:00:00,15
4992,2022-08-10 14:24:24,18
4993,2022-08-10 14:41:59,1
4994,2022-08-10 17:00:00,13
4995,2022-08-10 20:00:00,15
4996,2022-08-10 22:00:00,8
4997,2022-08-10 23:00:00,65
4998,2022-08-11 14:04:20,28
4999,2022-08-11 17:00:00,15
5000,2022-08-11 20:00:00,3
5001,2022-08-11 23:00:00,41
5002,2022-08-12 00:00:00,2
5003,2022-08-12 14:26:25,20
5004,2022-08-12 16:00:00,22
5005,2022-08-12 17:00:00,5
5006,2022-08-12 20:00:00,17
5007,2022-08-12 22:00:00,5
5008,2022-08-12 23:00:00,184
5009,2022-08-14 15:00:00,2
5010,2022-08-16 00:00:00,6
5011,2022-08-16 09:21:14,1
5012,2022-08-16 09:30:35,22
5013,2022-08-16 15:00:00,3
5014,2022-08-16 17:00:00,17
5015,2022-08-16 20:00:00,24
5016,2022-08-16 22:00:00,40
5017,2022-08-16 23:00:00,69
5018,2022-08-17 09:00:00,1
5019,2022-08-17 14:52:07,1
5020,2022-08-17 17:00:00,20
5021,2022-08-17 20:00:00,13
5022,2022-08-17 22:00:00,4
5023,2022-08-17 23:00:00,455
5024,2022-08-18 11:25:03,74
5025,2022-08-18 12:22:39,1
5026,2022-08-18 15:00:00,1
5027,2022-08-18 16:00:00,36
5028,2022-08-18 17:00:00,14
5029,2022-08-18 18:00:00,1
5030,2022-08-18 20:00:00,12
5031,2022-08-18 22:00:00,2
5032,2022-08-18 23:00:00,304
5033,2022-08-19 14:00:00,1
5034,2022-08-19 15:00:00,1
5035,2022-08-19 16:00:00,36
5036,2022-08-19 17:00:00,26
5037,2022-08-19 20:00:00,11
5038,2022-08-19 22:00:00,4
5039,2022-08-19 23:00:00,91
5040,2022-08-21 18:53:54,49
5041,2022-08-22 13:37:09,1
5042,2022-08-22 15:00:00,1
5043,2022-08-22 17:00:00,29
5044,2022-08-22 20:00:00,3
5045,2022-08-22 22:00:00,4
5046,2022-08-22 23:00:00,207
5047,2022-08-23 15:00:00,1
5048,2022-08-23 16:00:00,31
5049,2022-08-23 17:00:00,24
5050,2022-08-23 20:00:00,3
5051,2022-08-23 22:00:00,13
5052,2022-08-23 23:00:00,172
5053,2022-08-24 17:00:00,17
5054,2022-08-24 20:00:00,20
5055,2022-08-24 22:00:00,329
5056,2022-08-24 23:00:00,58
5057,2022-08-25 11:06:34,45
5058,2022-08-25 12:35:29,59
5059,2022-08-25 16:00:00,65
5060,2022-08-25 17:00:00,55
5061,2022-08-25 20:00:00,1
5062,2022-08-25 22:00:00,7
5063,2022-08-25 23:00:00,164
5064,2022-08-26 14:52:07,2
5065,2022-08-26 17:00:00,48
5066,2022-08-26 20:00:00,9
5067,2022-08-26 22:00:00,4
5068,2022-08-26 23:00:00,38
5069,2022-08-28 15:00:00,1
5070,2022-08-29 11:30:21,59
5071,2022-08-29 16:00:00,75
5072,2022-08-29 17:00:00,41
5073,2022-08-29 18:00:00,1
5074,2022-08-29 20:00:00,1
5075,2022-08-29 22:00:00,4
5076,2022-08-29 23:00:00,143
5077,2022-08-30 13:26:22,30
5078,2022-08-30 17:00:00,26
5079,2022-08-30 20:00:00,3
5080,2022-08-30 22:00:00,29
5081,2022-08-30 23:00:00,63
5082,2022-08-31 10:02:05,3
5083,2022-08-31 16:00:00,91
5084,2022-08-31 17:00:00,44
5085,2022-08-31 20:00:00,4
5086,2022-08-31 22:00:00,6
5087,2022-08-31 23:00:00,168
5088,2022-08-31 23:29:12,45
5089,2022-09-01 15:00:00,2
5090,2022-09-01 16:00:00,69
5091,2022-09-01 17:00:00,47
5092,2022-09-01 20:00:00,34
5093,2022-09-01 22:00:00,9
5094,2022-09-01 23:00:00,133
5095,2022-09-02 00:00:00,1
5096,2022-09-02 12:00:00,1
5097,2022-09-02 17:00:00,38
5098,2022-09-02 20:00:00,4
5099,2022-09-02 22:00:00,11
5100,2022-09-02 23:00:00,30
5101,2022-09-03 15:19:33,44
5102,2022-09-04 15:00:00,1
5103,2022-09-05 16:00:00,203
5104,2022-09-05 17:00:00,35
5105,2022-09-05 20:00:00,19
5106,2022-09-05 22:00:00,5
5107,2022-09-05 23:00:00,76
5108,2022-09-06 12:19:19,50
5109,2022-09-06 16:00:00,55
5110,2022-09-06 17:00:00,35
5111,2022-09-06 20:00:00,2
5112,2022-09-06 22:00:00,38
5113,2022-09-06 23:00:00,89
5114,2022-09-07 15:00:00,1
5115,2022-09-07 16:00:00,72
5116,2022-09-07 17:00:00,25
5117,2022-09-07 20:00:00,20
5118,2022-09-07 22:00:00,61
5119,2022-09-07 23:00:00,71
5120,2022-09-08 10:41:25,65
5121,2022-09-08 16:00:00,149
5122,2022-09-08 17:00:00,32
5123,2022-09-08 20:00:00,52
5124,2022-09-08 22:00:00,6
5125,2022-09-08 23:00:00,96
5126,2022-09-09 12:17:31,7
5127,2022-09-09 13:17:28,3
5128,2022-09-09 16:00:00,134
5129,2022-09-09 17:00:00,28
5130,2022-09-09 22:00:00,33
5131,2022-09-09 23:00:00,105
5132,2022-09-12 00:00:00,4
5133,2022-09-12 09:28:39,49
5134,2022-09-12 09:29:06,47
5135,2022-09-12 15:42:10,2
5136,2022-09-12 16:00:00,85
5137,2022-09-12 17:00:00,43
5138,2022-09-12 20:00:00,3
5139,2022-09-12 22:00:00,15
5140,2022-09-12 23:00:00,126
5141,2022-09-13 00:00:00,2
5142,2022-09-13 15:00:00,2
5143,2022-09-13 15:10:00,1
5144,2022-09-13 16:00:00,61
5145,2022-09-13 17:00:00,22
5146,2022-09-13 20:00:00,43
5147,2022-09-13 22:00:00,28
5148,2022-09-13 23:00:00,82
5149,2022-09-14 10:44:08,32
5150,2022-09-14 10:44:34,44
5151,2022-09-14 12:10:00,1
5152,2022-09-14 12:17:22,2
5153,2022-09-14 16:00:00,103
5154,2022-09-14 17:00:00,59
5155,2022-09-14 20:00:00,25
5156,2022-09-14 22:00:00,8
5157,2022-09-14 23:00:00,140
5158,2022-09-15 00:00:00,11
5159,2022-09-15 15:00:00,2
5160,2022-09-15 16:00:00,75
5161,2022-09-15 17:00:00,37
5162,2022-09-15 20:00:00,1
5163,2022-09-15 22:00:00,4
5164,2022-09-15 23:00:00,106
5165,2022-09-16 09:20:00,1
5166,2022-09-16 15:08:24,69
5167,2022-09-16 16:00:00,70
5168,2022-09-16 17:00:00,53
5169,2022-09-16 20:00:00,4
5170,2022-09-16 22:00:00,8
5171,2022-09-16 23:00:00,140
5172,2022-09-19 14:47:04,2
5173,2022-09-19 16:00:00,65
5174,2022-09-19 17:00:00,76
5175,2022-09-19 20:00:00,7
5176,2022-09-19 22:00:00,11
5177,2022-09-19 23:00:00,79
5178,2022-09-20 17:00:00,53
5179,2022-09-20 20:00:00,18
5180,2022-09-20 22:00:00,13
5181,2022-09-20 23:00:00,23
5182,2022-09-21 12:00:00,1
5183,2022-09-21 15:00:00,1
5184,2022-09-21 16:00:00,60
5185,2022-09-21 17:00:00,58
5186,2022-09-21 20:00:00,1
5187,2022-09-21 22:00:00,31
5188,2022-09-21 23:00:00,224
5189,2022-09-22 00:00:00,17
5190,2022-09-22 15:00:00,2
5191,2022-09-22 16:00:00,64
5192,2022-09-22 17:00:00,27
5193,2022-09-22 20:00:00,33
5194,2022-09-22 22:00:00,4
5195,2022-09-22 23:00:00,79
5196,2022-09-23 00:00:00,1
5197,2022-09-23 13:17:21,2
5198,2022-09-23 13:52:09,1
5199,2022-09-23 14:37:20,5
5200,2022-09-23 17:00:00,25
5201,2022-09-23 20:00:00,4
5202,2022-09-23 22:00:00,8
5203,2022-09-23 23:00:00,48
5204,2022-09-25 15:00:00,1
5205,2022-09-26 14:52:27,1
5206,2022-09-26 16:00:00,74
5207,2022-09-26 17:00:00,42
5208,2022-09-26 20:00:00,20
5209,2022-09-26 22:00:00,14
5210,2022-09-26 23:00:00,77
5211,2022-09-27 15:00:00,1
5212,2022-09-27 17:00:00,24
5213,2022-09-27 20:00:00,4
5214,2022-09-27 22:00:00,32
5215,2022-09-27 23:00:00,380
5216,2022-09-28 00:00:00,1
5217,2022-09-28 10:32:20,1
5218,2022-09-28 15:00:00,1
5219,2022-09-28 16:00:00,79
5220,2022-09-28 17:00:00,20
5221,2022-09-28 20:00:00,1
5222,2022-09-28 22:00:00,11
5223,2022-09-28 23:00:00,162
5224,2022-09-29 15:00:00,1
5225,2022-09-29 16:00:00,81
5226,2022-09-29 17:00:00,36
5227,2022-09-29 20:00:00,43
5228,2022-09-29 22:00:00,3
5229,2022-09-29 23:00:00,89
5230,2022-09-30 11:07:13,5
5231,2022-09-30 13:57:16,1
5232,2022-09-30 17:00:00,45
5233,2022-09-30 20:00:00,2
5234,2022-09-30 22:00:00,21
5235,2022-09-30 23:00:00,40
5236,2022-10-03 16:00:00,62
5237,2022-10-03 20:00:00,5
5238,2022-10-03 22:00:00,81
5239,2022-10-03 23:00:00,87
5240,2022-10-04 00:00:00,2
5241,2022-10-04 15:00:00,1
5242,2022-10-04 17:00:00,32
5243,2022-10-04 20:00:00,21
5244,2022-10-04 22:00:00,55
5245,2022-10-04 23:00:00,57
5246,2022-10-05 10:07:09,4
5247,2022-10-05 16:00:00,80
5248,2022-10-05 17:00:00,123
5249,2022-10-05 20:00:00,8
5250,2022-10-05 22:00:00,10
5251,2022-10-05 23:00:00,185
5252,2022-10-06 00:00:00,9
5253,2022-10-06 15:00:00,3
5254,2022-10-06 16:00:00,54
5255,2022-10-06 17:00:00,381
5256,2022-10-06 20:00:00,13
5257,2022-10-06 22:00:00,17
5258,2022-10-06 23:00:00,94
5259,2022-10-07 14:25:21,1
5260,2022-10-07 17:00:00,39
5261,2022-10-07 18:47:10,2
5262,2022-10-07 20:00:00,18
5263,2022-10-07 22:00:00,4
5264,2022-10-09 15:00:00,1
5265,2022-10-10 16:00:00,114
5266,2022-10-10 17:00:00,68
5267,2022-10-10 20:00:00,22
5268,2022-10-10 22:00:00,5
5269,2022-10-10 23:00:00,94
5270,2022-10-11 17:00:00,34
5271,2022-10-11 20:00:00,14
5272,2022-10-11 22:00:00,108
5273,2022-10-11 23:00:00,72
5274,2022-10-12 09:00:00,4
5275,2022-10-12 15:00:00,2
5276,2022-10-12 16:00:00,85
5277,2022-10-12 16:31:17,2
5278,2022-10-12 17:00:00,29
5279,2022-10-12 20:00:00,13
5280,2022-10-12 22:00:00,25
5281,2022-10-12 23:00:00,168
5282,2022-10-13 15:00:00,2
5283,2022-10-13 17:00:00,30
5284,2022-10-13 20:00:00,1
5285,2022-10-13 22:00:00,7
5286,2022-10-13 23:00:00,59
5287,2022-10-14 00:00:00,2
5288,2022-10-14 15:21:17,5
5289,2022-10-14 16:00:00,65
5290,2022-10-14 17:00:00,27
5291,2022-10-14 20:00:00,33
5292,2022-10-14 22:00:00,5
5293,2022-10-14 23:00:00,137
5294,2022-10-16 15:00:00,1
5295,2022-10-17 16:52:32,1
5296,2022-10-17 17:00:00,27
5297,2022-10-17 20:00:00,17
5298,2022-10-17 22:00:00,6
5299,2022-10-17 23:00:00,145
5300,2022-10-18 15:00:00,1
5301,2022-10-18 16:00:00,73
5302,2022-10-18 17:00:00,29
5303,2022-10-18 20:00:00,11
5304,2022-10-18 22:00:00,52
5305,2022-10-18 23:00:00,105
5306,2022-10-19 00:00:00,16
5307,2022-10-19 16:00:00,59
5308,2022-10-19 17:00:00,32
5309,2022-10-19 20:00:00,13
5310,2022-10-19 22:00:00,45
5311,2022-10-19 23:00:00,146
5312,2022-10-20 00:00:00,1
5313,2022-10-20 09:00:00,3
5314,2022-10-20 16:00:00,58
5315,2022-10-20 17:00:00,39
5316,2022-10-20 20:00:00,1
5317,2022-10-20 22:00:00,12
5318,2022-10-20 23:00:00,115
5319,2022-10-21 14:06:07,1
5320,2022-10-21 16:00:00,39
5321,2022-10-21 17:00:00,51
5322,2022-10-21 20:00:00,6
5323,2022-10-21 22:00:00,9
5324,2022-10-21 23:00:00,108
5325,2022-10-24 10:01:13,1
5326,2022-10-24 16:00:00,42
5327,2022-10-24 17:00:00,51
5328,2022-10-24 20:00:00,3
5329,2022-10-24 22:00:00,10
5330,2022-10-24 23:00:00,97
5331,2022-10-25 00:00:00,1
5332,2022-10-25 17:00:00,39
5333,2022-10-25 20:00:00,26
5334,2022-10-25 22:00:00,37
5335,2022-10-25 23:00:00,81
5336,2022-10-26 00:00:00,6
5337,2022-10-26 15:00:00,1
5338,2022-10-26 16:00:00,77
5339,2022-10-26 17:00:00,35
5340,2022-10-26 20:00:00,28
5341,2022-10-26 22:00:00,9
5342,2022-10-26 23:00:00,170
5343,2022-10-27 15:00:00,1
5344,2022-10-27 17:00:00,40
5345,2022-10-27 20:00:00,27
5346,2022-10-27 22:00:00,6
5347,2022-10-27 23:00:00,74
5348,2022-10-28 16:00:00,57
5349,2022-10-28 17:00:00,35
5350,2022-10-28 20:00:00,5
5351,2022-10-28 22:00:00,7
5352,2022-10-28 23:00:00,121
5353,2022-10-30 15:00:00,1
5354,2022-10-31 09:51:39,2
